{
  "mean": {
    "prod_u_lag1": 8882.052631578947,
    "prod_u_lag2": 9695.309941520467,
    "prod_u_lag3": 11201.508771929824,
    "prod_u_lag4": 12593.625730994152,
    "prod_u_lag5": 13814.684210526315,
    "prod_u_lag6": 13514.801169590643,
    "prod_u_lag7": 13744.105263157895,
    "prod_u_lag8": 15534.923976608186,
    "prod_u_lag9": 16860.152046783627,
    "prod_u_lag10": 17543.491228070176,
    "prod_u_lag11": 17234.33918128655,
    "prod_u_lag12": 16826.251461988304,
    "prod_u_lag13": 16327.48538011696,
    "prod_u_lag14": 15901.105263157895,
    "prod_u_lag15": 15765.438596491229,
    "prod_u_lag16": 14491.08187134503,
    "fi_u_lag1": 8793.624497076024,
    "fi_u_lag2": 10057.495842105262,
    "fi_u_lag3": 11321.535789473684,
    "fi_u_lag4": 12870.19918128655,
    "fi_u_lag5": 13927.699672514622,
    "fi_u_lag6": 13599.141280701755,
    "fi_u_lag7": 14324.325970760234,
    "fi_u_lag8": 15540.825257309942,
    "fi_u_lag9": 16974.568614035088,
    "fi_u_lag10": 17566.7837251462,
    "fi_u_lag11": 17554.994356725147,
    "fi_u_lag12": 17096.72049122807,
    "fi_u_lag13": 16469.32897076023,
    "fi_u_lag14": 16077.428385964913,
    "fi_u_lag15": 16022.478339181287,
    "fi_u_lag16": 14484.199263157894,
    "dtd_u_lag1": 9871.768501068105,
    "dtd_u_lag2": 10493.28077637229,
    "dtd_u_lag3": 11275.022990175721,
    "dtd_u_lag4": 12507.937385236983,
    "dtd_u_lag5": 13412.167875370329,
    "dtd_u_lag6": 13652.603054686373,
    "dtd_u_lag7": 14129.675875045365,
    "dtd_u_lag8": 14966.541124275525,
    "dtd_u_lag9": 16408.695088723103,
    "dtd_u_lag10": 16654.797504020138,
    "dtd_u_lag11": 16677.26154423828,
    "dtd_u_lag12": 16460.556166692164,
    "dtd_u_lag13": 15979.051037762756,
    "dtd_u_lag14": 15646.39361713051,
    "dtd_u_lag15": 15499.26079884843,
    "dtd_u_lag16": 14131.579843565505,
    "so_u_lag1": 10047.63137494703,
    "so_u_lag2": 10586.533584576377,
    "so_u_lag3": 11066.5849658375,
    "so_u_lag4": 11999.36277580021,
    "so_u_lag5": 13052.078613413565,
    "so_u_lag6": 13886.684823876318,
    "so_u_lag7": 13977.110810414724,
    "so_u_lag8": 14191.249096427662,
    "so_u_lag9": 16047.284495762353,
    "so_u_lag10": 16146.64692123626,
    "so_u_lag11": 16686.072331461706,
    "so_u_lag12": 16600.641529896602,
    "so_u_lag13": 16405.48711125943,
    "so_u_lag14": 15964.756355023022,
    "so_u_lag15": 15858.757782382687,
    "so_u_lag16": 14706.024568755825,
    "prod_w_lag1": 142.20751754385964,
    "prod_w_lag2": 153.52464631578948,
    "prod_w_lag3": 173.7184347368421,
    "prod_w_lag4": 192.9971249122807,
    "prod_w_lag5": 209.8848638596491,
    "prod_w_lag6": 203.46946315789475,
    "prod_w_lag7": 203.7453426900585,
    "prod_w_lag8": 228.72587017543862,
    "prod_w_lag9": 248.78041356725146,
    "prod_w_lag10": 257.9409237426901,
    "prod_w_lag11": 254.4501187134503,
    "prod_w_lag12": 250.63472654970758,
    "prod_w_lag13": 244.86651719298246,
    "prod_w_lag14": 240.4194876023392,
    "prod_w_lag15": 239.51446081871347,
    "prod_w_lag16": 221.63216994152046,
    "fi_w_lag1": 138.56023603274852,
    "fi_w_lag2": 155.87351650058477,
    "fi_w_lag3": 172.94693966035086,
    "fi_w_lag4": 194.03004379134507,
    "fi_w_lag5": 207.87197604865497,
    "fi_w_lag6": 201.19050814549703,
    "fi_w_lag7": 209.7515375283041,
    "fi_w_lag8": 226.7063347529825,
    "fi_w_lag9": 247.69308429263157,
    "fi_w_lag10": 256.10379812245617,
    "fi_w_lag11": 257.2216139659649,
    "fi_w_lag12": 252.56905349625734,
    "fi_w_lag13": 245.37088090210526,
    "fi_w_lag14": 241.8489525980117,
    "fi_w_lag15": 243.01453346350874,
    "fi_w_lag16": 220.34927604327487,
    "dtd_w_lag1": 155.04262907017545,
    "dtd_w_lag2": 163.0923523859649,
    "dtd_w_lag3": 174.16033550877194,
    "dtd_w_lag4": 191.3591547719298,
    "dtd_w_lag5": 203.29625887719297,
    "dtd_w_lag6": 205.30724136842105,
    "dtd_w_lag7": 210.88398218128654,
    "dtd_w_lag8": 222.36814433333336,
    "dtd_w_lag9": 243.84467445614032,
    "dtd_w_lag10": 247.68967533333335,
    "dtd_w_lag11": 248.88196293567253,
    "dtd_w_lag12": 246.6236641637427,
    "dtd_w_lag13": 240.89978400584795,
    "dtd_w_lag14": 238.03386049122807,
    "dtd_w_lag15": 237.41216274269007,
    "dtd_w_lag16": 216.83896444444449,
    "so_w_lag1": 157.72769765497077,
    "so_w_lag2": 164.78332819298245,
    "so_w_lag3": 171.64856480701755,
    "so_w_lag4": 184.84535070760234,
    "so_w_lag5": 199.29804045614034,
    "so_w_lag6": 209.81954138011696,
    "so_w_lag7": 208.95151295906433,
    "so_w_lag8": 211.7875450760234,
    "so_w_lag9": 240.23605182456143,
    "so_w_lag10": 241.1425513859649,
    "so_w_lag11": 248.92545230994148,
    "so_w_lag12": 248.48620515204678,
    "so_w_lag13": 246.59983740350881,
    "so_w_lag14": 242.06962884795323,
    "so_w_lag15": 242.6004543157895,
    "so_w_lag16": 225.14210687134505,
    "sin_weekofyear": 0.6313108900832439,
    "cos_weekofyear": -0.7126026848764099,
    "mpu_est_tons_per_unit": 0.017638722522748992
  },
  "std": {
    "prod_u_lag1": 26818.324976264026,
    "prod_u_lag2": 29716.318265793965,
    "prod_u_lag3": 34450.583099029805,
    "prod_u_lag4": 39099.65451780926,
    "prod_u_lag5": 44229.40461522562,
    "prod_u_lag6": 44347.74137025003,
    "prod_u_lag7": 45962.45182423076,
    "prod_u_lag8": 49813.72943264037,
    "prod_u_lag9": 52730.75022112454,
    "prod_u_lag10": 55172.75774173211,
    "prod_u_lag11": 54429.73506859296,
    "prod_u_lag12": 53386.8334200918,
    "prod_u_lag13": 51508.160621555515,
    "prod_u_lag14": 49315.48611590155,
    "prod_u_lag15": 48680.58533193127,
    "prod_u_lag16": 46396.554179914354,
    "fi_u_lag1": 26565.67178408119,
    "fi_u_lag2": 30340.89342104005,
    "fi_u_lag3": 34109.48901938499,
    "fi_u_lag4": 39714.245769658446,
    "fi_u_lag5": 44299.4834752785,
    "fi_u_lag6": 44351.598521861975,
    "fi_u_lag7": 46646.63827973524,
    "fi_u_lag8": 49825.35498274635,
    "fi_u_lag9": 52938.56110112893,
    "fi_u_lag10": 54821.961352548446,
    "fi_u_lag11": 54988.74938643205,
    "fi_u_lag12": 53956.639561727105,
    "fi_u_lag13": 51621.17058762909,
    "fi_u_lag14": 49667.35058955425,
    "fi_u_lag15": 49077.015656240634,
    "fi_u_lag16": 46438.39928982159,
    "dtd_u_lag1": 27652.27776289652,
    "dtd_u_lag2": 30021.40385493429,
    "dtd_u_lag3": 32441.009788449024,
    "dtd_u_lag4": 36920.022959602094,
    "dtd_u_lag5": 40558.63277140403,
    "dtd_u_lag6": 42962.06213760546,
    "dtd_u_lag7": 44580.41326721771,
    "dtd_u_lag8": 46809.86394757959,
    "dtd_u_lag9": 50281.974899926376,
    "dtd_u_lag10": 51426.564954910165,
    "dtd_u_lag11": 51734.687641207034,
    "dtd_u_lag12": 51191.52005829502,
    "dtd_u_lag13": 49574.408423560424,
    "dtd_u_lag14": 48149.83004227481,
    "dtd_u_lag15": 47213.59218691148,
    "dtd_u_lag16": 44954.6950301962,
    "so_u_lag1": 29409.61718549513,
    "so_u_lag2": 31431.523537937177,
    "so_u_lag3": 32921.786571383345,
    "so_u_lag4": 36001.64078699809,
    "so_u_lag5": 40193.205787897736,
    "so_u_lag6": 43509.692809148,
    "so_u_lag7": 44934.227946004314,
    "so_u_lag8": 45668.17810245633,
    "so_u_lag9": 49789.07547043255,
    "so_u_lag10": 50430.578583466144,
    "so_u_lag11": 52297.782494249295,
    "so_u_lag12": 51992.08004804274,
    "so_u_lag13": 51260.71705621904,
    "so_u_lag14": 49409.98468880253,
    "so_u_lag15": 48647.462426631755,
    "so_u_lag16": 45975.46636979508,
    "prod_w_lag1": 399.31580031291446,
    "prod_w_lag2": 437.55557928266194,
    "prod_w_lag3": 499.74930332204303,
    "prod_w_lag4": 565.2271655035532,
    "prod_w_lag5": 640.705853588997,
    "prod_w_lag6": 640.6792154830855,
    "prod_w_lag7": 661.2806023057458,
    "prod_w_lag8": 718.1391767452718,
    "prod_w_lag9": 762.2940459908862,
    "prod_w_lag10": 796.0721856268601,
    "prod_w_lag11": 787.3335163978838,
    "prod_w_lag12": 774.3510263348998,
    "prod_w_lag13": 747.8943088029988,
    "prod_w_lag14": 713.8257304086878,
    "prod_w_lag15": 702.8860887499826,