Model,Split,Pinball q50,Pinball q80,Pinball q95
MLP,Train,26682.29453692388,62378.38475883127,30371.053310022227
Naive,Train,2696.835129945241,2944.1404526817787,3067.7931140500477
MLP,Val,66599.16305808077,42198.88830481342,136764.99496768776
Naive,Val,3700.50142145125,3203.9989862896273,2955.7477687088162
MLP,Test,85061.64876176119,104261.77971395508,234532.9639469213
Naive,Test,2611.6012375509213,1573.3327240726185,1054.1984673334673
