Split,Coverage q50 (%),Coverage q80 (%),Coverage q95 (%),Pinball q50,Pinball q80,Pinball q95
Train,27.485380116959064,58.47953216374269,83.04093567251462,26682.29453692388,62378.38475883127,30371.053310022227
Val,40.35087719298245,75.43859649122807,98.24561403508771,66599.16305808077,42198.88830481342,136764.99496768776
Test,59.210526315789465,73.68421052631578,98.68421052631578,85061.64876176119,104261.77971395508,234532.9639469213
